x,y,color,target
0.2,-3.5,3,1.0
-0.2,-3.5,3,1.0
0.2,3.5,3,1.0
-0.2,3.5,3,1.0
5.01,-2.1,1,1.0
5.05,4.73,2,1.0
9.98,-1.16,1,1.0
10.15,4.84,2,1.0
15.0,-1.23,1,1.0
15.17,4.77,2,1.0
20.02,-1.29,1,1.0
20.18,4.7,2,1.0
25.03,-1.36,1,1.0
25.2,4.64,2,1.0
30.05,-1.43,1,1.0
30.22,4.57,2,1.0
35.07,-1.49,1,1.0
35.23,4.51,2,1.0
40.08,-1.56,1,1.0
40.25,4.44,2,1.0
45.1,-1.63,1,1.0
45.27,4.37,2,1.0
50.11,-1.69,1,1.0
50.28,4.31,2,1.0
55.13,-1.76,1,1.0
55.3,4.24,2,1.0
60.33,-1.73,1,1.0
60.4,5.09,2,1.0
65.27,-0.51,1,1.0
64.98,7.23,2,1.0
69.81,1.62,1,1.0
69.52,9.36,2,1.0
74.35,3.75,1,1.0
74.06,11.49,2,1.0
78.89,5.88,1,1.0
78.6,13.62,2,1.0
83.44,8.01,1,1.0
83.14,15.75,2,1.0
87.97,10.14,1,1.0
91.98,13.4,1,1.0
87.98,17.4,2,1.0
96.42,15.97,1,1.0
91.52,20.97,2,1.0
99.93,19.55,1,1.0
94.89,24.79,2,1.0
102.36,23.99,1,1.0
97.12,29.39,2,1.0
105.41,28.1,1,1.0
106.73,33.03,1,1.0
99.0,34.08,2,1.0
107.72,38.07,1,1.0
99.83,39.02,2,1.0
108.08,43.17,1,1.0
100.09,44.14,2,1.0
108.0,48.24,1,1.0
99.76,49.21,2,1.0
107.5,53.37,1,1.0
99.14,54.22,2,1.0
107.39,58.43,1,1.0
99.52,59.26,2,1.0
108.14,63.43,1,1.0
100.26,64.26,2,1.0
108.89,68.42,1,1.0
101.01,69.25,2,1.0
109.64,73.41,1,1.0
101.76,74.25,2,1.0
110.38,78.41,1,1.0
102.51,79.24,2,1.0
111.13,83.4,1,1.0
103.26,84.23,2,1.0
111.5,88.4,1,1.0
110.45,93.34,1,1.0
102.45,89.34,2,1.0
107.27,97.27,1,1.0
99.06,93.09,2,1.0
103.37,100.46,1,1.0
95.16,96.24,2,1.0
99.46,103.61,1,1.0
91.25,99.39,2,1.0
95.56,106.76,1,1.0
87.35,102.54,2,1.0
91.66,109.91,1,1.0
83.45,105.7,2,1.0
87.75,113.06,1,1.0
79.58,108.87,2,1.0
84.01,116.39,1,1.0
76.13,112.52,2,1.0
80.82,120.27,1,1.0
73.69,117.01,2,1.0
78.69,124.89,1,1.0
70.65,120.99,2,1.0
69.28,125.91,2,1.0
76.86,129.6,1,1.0
68.32,130.83,2,1.0
76.17,134.58,1,1.0
68.12,135.87,2,1.0
76.4,139.71,1,1.0
68.47,140.93,2,1.0
76.1,144.84,1,1.0
73.64,149.2,1,1.0
66.45,145.75,2,1.0
70.63,153.38,1,1.0
66.36,156.03,1,1.0
61.94,148.39,2,1.0
61.39,156.79,1,1.0
56.99,149.16,2,1.0
56.43,157.55,1,1.0
52.03,149.92,2,1.0
51.47,158.31,1,1.0
47.07,150.68,2,1.0
46.51,159.07,1,1.0
42.11,151.44,2,1.0
41.55,159.83,1,1.0
37.15,152.2,2,1.0
36.69,161.04,1,1.0
32.16,153.25,2,1.0
27.94,156.11,2,1.0
32.32,163.53,1,1.0
24.69,160.52,2,1.0
29.95,167.96,1,1.0
21.73,164.65,2,1.0
21.13,169.75,2,1.0
29.3,173.03,1,1.0
21.7,174.85,2,1.0
24.31,179.51,2,1.0
30.54,177.88,1,1.0
27.07,183.79,2,1.0
34.26,181.4,1,1.0
31.14,186.89,2,1.0
36.06,188.23,2,1.0
39.2,182.4,1,1.0
44.31,183.44,1,1.0
40.91,189.75,2,1.0
48.41,186.67,1,1.0
51.54,190.84,1,1.0
43.94,193.9,2,1.0
52.44,195.78,1,1.0
51.96,201.35,1,1.0
43.28,199.02,2,1.0
49.2,205.73,1,1.0
44.97,209.52,1,1.0
39.33,202.27,2,1.0
39.92,210.83,1,1.0
34.89,210.53,1,1.0
34.19,201.91,2,1.0
30.1,208.92,1,1.0
29.61,199.73,2,1.0
25.57,206.76,1,1.0
25.07,197.58,2,1.0
21.04,204.61,1,1.0
20.54,195.43,2,1.0
16.5,202.46,1,1.0
16.01,193.28,2,1.0
11.97,200.31,1,1.0
11.48,191.12,2,1.0
7.36,198.32,1,1.0
6.43,190.27,2,1.0
1.3,190.64,2,1.0
2.34,198.82,1,1.0
-3.69,191.82,2,1.0
-2.56,200.08,1,1.0
-8.6,193.03,2,1.0
-7.35,201.95,1,1.0
-13.38,194.65,2,1.0
-12.17,203.61,1,1.0
-18.21,196.29,2,1.0
-16.96,205.17,1,1.0
-23.0,198.04,2,1.0
-21.88,206.26,1,1.0
-27.93,199.07,2,1.0
-26.89,207.19,1,1.0
-31.91,207.24,1,1.0
-32.99,199.08,2,1.0
-36.87,206.03,1,1.0
-40.67,202.47,1,1.0
-37.33,196.5,2,1.0
-43.4,198.23,1,1.0
-38.37,191.56,2,1.0
-45.11,193.52,1,1.0
-40.09,186.85,2,1.0
-46.83,188.8,1,1.0
-41.8,182.13,2,1.0
-48.55,184.09,1,1.0
-43.52,177.42,2,1.0
-50.26,179.38,1,1.0
-45.24,172.7,2,1.0
-51.98,174.66,1,1.0
-46.95,167.99,2,1.0
-53.7,169.95,1,1.0
-48.67,163.28,2,1.0
-55.42,165.23,1,1.0
-50.39,158.56,2,1.0
-57.13,160.52,1,1.0
-52.11,153.85,2,1.0
-58.85,155.81,1,1.0
-53.82,149.14,2,1.0
-60.6,150.98,1,1.0
-61.09,145.46,1,1.0
-55.02,144.18,2,1.0
-60.78,140.34,1,1.0
-54.71,139.18,2,1.0
-60.48,135.34,1,1.0
-54.41,134.17,2,1.0
-60.18,130.33,1,1.0
-54.11,129.16,2,1.0
-59.88,125.32,1,1.0
-53.8,124.15,2,1.0
-59.57,120.31,1,1.0
-53.5,119.15,2,1.0
-59.27,115.31,1,1.0
-53.2,114.14,2,1.0
-58.97,110.3,1,1.0
-52.9,109.13,2,1.0
-58.66,105.29,1,1.0
-52.59,104.12,2,1.0
-58.36,100.28,1,1.0
-52.29,99.12,2,1.0
-58.06,95.28,1,1.0
-51.93,93.96,2,1.0
-57.14,90.2,1,1.0
-50.76,88.84,2,1.0
-55.92,85.19,1,1.0
-48.77,83.95,2,1.0
-54.12,80.24,1,1.0
-46.81,78.99,2,1.0
-52.19,75.48,1,1.0
-44.85,74.38,2,1.0
-50.14,70.78,1,1.0
-42.65,69.5,2,1.0
-47.87,65.83,1,1.0
-40.45,64.85,2,1.0
-45.61,61.13,1,1.0
-38.1,60.07,2,1.0
-43.21,56.31,1,1.0
-35.62,55.21,2,1.0
-40.69,51.42,1,1.0
-33.28,50.74,2,1.0
-38.32,46.96,1,1.0
-30.87,46.28,2,1.0
-35.89,42.5,1,1.0
-28.41,41.84,2,1.0
-33.41,38.08,1,1.0
-25.91,37.46,2,1.0
-30.91,33.74,1,1.0
-23.15,32.76,2,1.0
-27.4,29.5,1,1.0
-21.14,27.81,2,1.0
-24.64,25.01,1,1.0
-18.41,23.49,2,1.0
-21.92,20.73,1,1.0
-15.5,19.05,2,1.0
-19.02,16.35,1,1.0
-16.44,11.65,1,1.0
-11.98,15.02,2,1.0
-13.32,7.45,1,1.0
-8.89,10.91,2,1.0
-10.01,3.46,1,1.0
-5.62,7.03,2,1.0
-6.39,-0.13,1,1.0
0.01601716196021992,0.0048051485880659765,M,
0.09610297176131953,0.02883089152839586,M,
0.17618878156241916,0.052856634468725745,M,
0.2562745913635187,0.07688237740905562,M,
0.33636040116461835,0.1009081203493855,M,
0.41644621096571793,0.12493386328971538,M,
0.4965320207668176,0.14895960623004526,M,
0.5766178305679173,0.17298534917037517,M,
0.6567036403690167,0.19701109211070503,M,
0.7367894501701164,0.2210368350510349,M,
0.816875259971216,0.2450625779913648,M,
0.8969610697723156,0.26908832093169466,M,
0.9770468795734152,0.29311406387202454,M,
1.0571326893745148,0.31713980681235443,M,
1.1372184991756145,0.34116554975268437,M,
1.2173043089767142,0.3651912926930142,M,
1.2973901187778136,0.3892170356333441,M,
1.377475928578913,0.4132427785736739,M,
1.457561738380013,0.43726852151400386,M,
1.5376475481811125,0.46129426445433375,M,
1.6177333579822122,0.48532000739466363,M,
1.6978191677833117,0.5093457503349935,M,
1.7779049775844111,0.5333714932753233,M,
1.857990787385511,0.5573972362156533,M,
1.9380765971866107,0.5814229791559832,M,
2.01816240698771,0.605448722096313,M,
2.09824821678881,0.629474465036643,M,
2.1783340265899094,0.6535002079769727,M,
2.258419836391009,0.6775259509173026,M,
2.3385056461921088,0.7015516938576326,M,
2.4185914559932082,0.7255774367979624,M,
2.4986772657943077,0.7496031797382923,M,
2.578763075595407,0.7736289226786222,M,
2.658848885396507,0.797654665618952,M,
2.738934695197606,0.8216804085592818,M,
2.8190205049987065,0.8457061514996119,M,
2.899106314799806,0.8697318944399417,M,
2.9791921246009054,0.8937576373802716,M,
3.0592779344020054,0.9177833803206016,M,
3.139363744203105,0.9418091232609314,M,
3.219449554004204,0.9658348662012611,M,
3.2995353638053038,0.9898606091415911,M,
3.3796211736064037,1.013886352081921,M,
3.4597069834075027,1.037912095022251,M,
3.539792793208602,1.0619378379625806,M,
3.6198786030097025,1.0859635809029107,M,
3.699964412810802,1.1099893238432406,M,
3.7800502226119015,1.1340150667835704,M,
3.8601360324130014,1.1580408097239003,M,
3.940221842214101,1.1820665526642302,M,
4.0203076520152,1.2060922956045599,M,
4.100393461816299,1.23011803854489,M,
4.1804792716174,1.2541437814852199,M,
4.260565081418499,1.2781695244255498,M,
4.340650891219598,1.3021952673658794,M,
4.420736701020699,1.3262210103062095,M,
4.500822510821798,1.3502467532465392,M,
4.580908320622897,1.3742724961868693,M,
4.6609941304239975,1.3982982391271992,M,
4.741079940225097,1.422323982067529,M,
5.204214358819662,1.551814906153842,M,
6.259848374188852,1.7623909080841358,M,
7.331745336751663,1.8610941432998391,M,
8.312193934991196,1.8616824627079125,M,
9.148240984111137,1.8506073920033732,M,
9.98428803323108,1.839532321298834,M,
10.82033508235102,1.8284572505942946,M,
11.656382131470961,1.8173821798897554,M,
12.492429180590902,1.806307109185216,M,
13.328476229710843,1.7952320384806768,M,
14.164523278830783,1.7841569677761377,M,
15.000570327950724,1.7730818970715985,M,
15.836617377070667,1.7620068263670592,M,
16.672664426190607,1.75093175566252,M,
17.508711475310548,1.7398566849579806,M,
18.34475852443049,1.7287816142534413,M,
19.18080557355043,1.717706543548902,M,
20.01685262267037,1.7066314728443628,M,
20.85289967179031,1.6955564021398235,M,
21.688946720910252,1.6844813314352842,M,
22.524993770030193,1.673406260730745,M,
23.361040819150134,1.6623311900262057,M,
24.197087868270074,1.6512561193216664,M,
25.033134917390015,1.6401810486171273,M,
25.869181966509956,1.629105977912588,M,
26.705229015629897,1.6180309072080488,M,
27.541276064749837,1.6069558365035095,M,
28.37732311386978,1.5958807657989702,M,
29.21337016298972,1.584805695094431,M,
30.04941721210966,1.5737306243898916,M,
30.8854642612296,1.5626555536853524,M,
31.721511310349545,1.551580482980813,M,
32.55755835946948,1.5405054122762738,M,
33.39360540858942,1.5294303415717345,M,
34.22965245770936,1.5183552708671955,M,
35.065699506829304,1.5072802001626562,M,
35.901746555949245,1.496205129458117,M,
36.737793605069186,1.4851300587535776,M,
37.573840654189134,1.4740549880490383,M,
38.409887703309074,1.4629799173444988,M,
39.245934752429015,1.4519048466399598,M,
40.081981801548956,1.4408297759354205,M,
40.9180288506689,1.4297547052308812,M,
41.75407589978883,1.418679634526342,M,
42.59012294890877,1.4076045638218027,M,
43.42616999802872,1.3965294931172634,M,
44.26221704714866,1.385454422412724,M,
45.09826409626859,1.374379351708185,M,
45.93431114538854,1.3633042810036455,M,
46.77035819450848,1.3522292102991065,M,
47.60640524362842,1.341154139594567,M,
48.442452292748364,1.330079068890028,M,
49.2784993418683,1.3190039981854886,M,
50.114546390988245,1.3079289274809494,M,
50.950593440108186,1.29685385677641,M,
51.78664048922813,1.2857787860718708,M,
52.62268753834806,1.2747037153673317,M,
53.45873458746801,1.2636286446627922,M,
54.29478163658795,1.2525535739582532,M,
55.13082868570789,1.2414785032537137,M,
55.96687573482783,1.2304034325491744,M,
56.80292278394777,1.2193283618446351,M,
57.63896983306771,1.208253291140096,M,
58.655237432933156,1.2162853170658572,M,
59.7855631674396,1.3323579092807805,M,
60.897482091137476,1.5663353010808834,M,
61.97873023871804,1.915636827136245,M,
62.88931651428578,2.3110684770132583,M,
63.26781412930232,2.4885899878509794,M,
63.646311744318865,2.6661114986887,M,
64.0248093593354,2.843633009526421,M,
64.40330697435195,3.021154520364142,M,
64.78180458936849,3.198676031201863,M,
65.16030220438503,3.376197542039584,M,
65.53879981940158,3.5537190528773053,M,
65.91729743441812,3.7312405637150263,M,
66.29579504943466,3.9087620745527474,M,
66.6742926644512,4.086283585390468,M,
67.05279027946774,4.2638050962281895,M,
67.43128789448429,4.4413266070659105,M,
67.80978550950083,4.618848117903632,M,
68.18828312451737,4.796369628741353,M,
68.56678073953391,4.973891139579074,M,
68.94527835455045,5.151412650416794,M,
69.323775969567,5.328934161254515,M,
69.70227358458355,5.506455672092237,M,
70.0807711996001,5.683977182929957,M,
70.45926881461662,5.861498693767677,M,
70.83776642963318,6.039020204605399,M,
71.21626404464972,6.216541715443119,M,
71.59476165966626,6.394063226280841,M,
71.9732592746828,6.571584737118562,M,
72.35175688969935,6.749106247956283,M,
72.73025450471589,6.926627758794004,M,
73.10875211973243,7.1041492696317246,M,
73.48724973474897,7.2816707804694465,M,
73.86574734976551,7.459192291307167,M,
74.24424496478206,7.636713802144889,M,
74.6227425797986,7.814235312982609,M,
75.00124019481514,7.99175682382033,M,
75.37973780983168,8.16927833465805,M,
75.75823542484822,8.34679984549577,M,
76.13673303986477,8.524321356333493,M,
76.51523065488131,8.701842867171216,M,
76.89372826989785,8.879364378008935,M,
77.27222588491439,9.056885888846656,M,
77.65072349993093,9.234407399684377,M,
78.02922111494748,9.411928910522098,M,
78.40771872996402,9.589450421359818,M,
78.78621634498056,9.766971932197539,M,
79.1647139599971,9.944493443035261,M,
79.54321157501364,10.12201495387298,M,
79.92170919003019,10.299536464710703,M,
80.30020680504673,10.477057975548425,M,
80.67870442006327,10.654579486386146,M,
81.05720203507983,10.832100997223867,M,
81.43569965009635,11.009622508061588,M,
81.81419726511291,11.187144018899307,M,
82.19269488012944,11.364665529737028,M,
82.571192495146,11.54218704057475,M,
82.94969011016252,11.71970855141247,M,
83.32818772517908,11.897230062250191,M,
83.7066853401956,12.074751573087912,M,
84.08518295521216,12.252273083925633,M,
84.4636805702287,12.429794594763356,M,
84.84217818524525,12.607316105601075,M,
85.22067580026179,12.784837616438796,M,
85.7962176255497,13.056782682594486,M,
86.6504024848894,13.479872474398052,M,
87.48061161372554,13.916368464966252,M,
88.28709549420616,14.36604734441394,M,
89.07010460847918,14.828685802855968,M,
89.82988943869255,15.30406053040719,M,
90.56670046699416,15.791948217182464,M,
91.28078817553207,16.29212555329665,M,
91.97240304645415,16.804369228864594,M,
92.64179556190837,17.328455934001155,M,
93.28921620404267,17.86416235882119,M,
93.91491545500503,18.411265193439554,M,
94.51914379694338,18.969541127971095,M,
95.10215171200564,19.53876685253067,M,
95.66418968233977,20.11871905723314,M,
96.20550819009378,20.709174432193358,M,
96.72635771741554,21.309909667526178,M,
97.22698874645302,21.920701453346446,M,
97.70765175935423,22.541326479769037,M,
98.16859723826704,23.171561436908792,M,
98.61007566533945,23.811183014880562,M,
99.03233752271936,24.459967903799214,M,
99.43563329255475,25.117692793779597,M,
99.82021345699359,25.784134374936567,M,
100.1863284981838,26.45906933738497,M,
100.53422889827328,27.14227437123967,M,
100.86416513941009,27.833526166615524,M,
101.17638770374208,28.53260141362739,M,
101.47114707341724,29.239276802390105,M,
101.74869373058354,29.95332902301854,M,
102.0092781573889,30.674534765627545,M,
102.25315083598126,31.402670720331976,M,
102.48056224850862,32.13751357724668,M,
102.69176287711888,32.87884002648653,M,
102.88700320396,33.626426758166374,M,
103.06653371117991,34.38005046240106,M,
103.2306048809266,35.13948782930544,M,
103.37946719534801,35.90451554899437,M,
103.51337113659207,36.67491031158272,M,
103.63256718680674,37.45044880718533,M,
103.73730582813994,38.230907725917056,M,
103.82783754273967,39.016063757892766,M,
103.90441281275386,39.8056935932273,M,
103.96728212033045,40.599573922035525,M,
104.0166959476174,41.39748143443228,M,
104.05290477676262,42.199192820532446,M,
104.07615908991411,43.004484770450844,M,
104.08670936921979,43.81313397430235,M,
104.08480609682762,44.62491712220182,M,
104.07069975488554,45.4396109042641,M,
104.0446408255415,46.25699201060405,M,
104.0068797909435,47.076837131336525,M,
103.9576671332394,47.89892295657638,M,
103.8972533345772,48.72302617643847,M,
103.82588887710483,49.54892348103765,M,
103.74382424297026,50.37639156048877,M,
103.65130991432144,51.205207104906684,M,
103.54859637330631,52.03514680440626,M,
103.4359341020728,52.86598734910234,M,
103.31357358276888,53.69750542910978,M,
103.17296035756331,54.741352198877415,M,
103.12465205789846,55.93443787898039,M,
103.20173714192319,57.12601037853892,M,
103.30908771506991,57.876710067111105,M,
103.37833853440183,58.33911370239642,M,
103.44758935373375,58.80151733768174,M,
103.51684017306567,59.26392097296705,M,
103.58609099239759,59.72632460825236,M,
103.65534181172951,60.18872824353768,M,
103.72459263106144,60.651131878822994,M,
103.79384345039335,61.11353551410831,M,
103.86309426972528,61.575939149393626,M,
103.9323450890572,62.03834278467894,M,
104.00159590838912,62.50074641996425,M,
104.07084672772105,62.96315005524957,M,
104.14009754705296,63.42555369053488,M,
104.20934836638489,63.887957325820196,M,
104.2785991857168,64.35036096110551,M,
104.34785000504873,64.81276459639082,M,
104.41710082438065,65.27516823167615,M,
104.48635164371257,65.73757186696146,M,
104.5556024630445,66.19997550224677,M,
104.6248532823764,66.66237913753208,M,
104.69410410170833,67.1247827728174,M,
104.76335492104026,67.58718640810271,M,
104.83260574037217,68.04959004338804,M,
104.9018565597041,68.51199367867335,M,
104.97110737903601,68.97439731395866,M,
105.04035819836794,69.43680094924397,M,
105.10960901769987,69.89920458452929,M,
105.17885983703178,70.3616082198146,M,
105.2481106563637,70.82401185509993,M,
105.31736147569562,71.28641549038524,M,
105.38661229502755,71.74881912567055,M,
105.45586311435947,72.21122276095586,M,
105.52511393369139,72.67362639624118,M,
105.59436475302331,73.13603003152649,M,
105.66361557235523,73.5984336668118,M,
105.73286639168715,74.06083730209713,M,
105.80211721101908,74.52324093738244,M,
105.871368030351,74.98564457266775,M,
105.94061884968292,75.44804820795306,M,
106.00986966901483,75.91045184323838,M,
106.07912048834676,76.37285547852369,M,
106.14837130767867,76.83525911380902,M,
106.2176221270106,77.29766274909433,M,
106.28687294634253,77.76006638437964,M,
106.35612376567444,78.22247001966495,M,
106.42537458500637,78.68487365495028,M,
106.49462540433828,79.14727729023559,M,
106.5638762236702,79.6096809255209,M,
106.63312704300213,80.07208456080622,M,
106.70237786233405,80.53448819609153,M,
106.77162868166597,80.99689183137684,M,
106.84087950099789,81.45929546666216,M,
106.91013032032981,81.92169910194747,M,
106.97938113966174,82.3841027372328,M,
107.04863195899365,82.8465063725181,M,
107.11788277832558,83.30891000780342,M,
107.18713359765749,83.77131364308873,M,
107.25638441698942,84.23371727837406,M,
107.32563523632135,84.69612091365937,M,
107.39488605565326,85.15852454894468,M,
107.5005757148877,86.10903090070362,M,
107.51358928607716,87.18743210757188,M,
107.41343185335981,88.26125099578418,M,
107.20120810814262,89.31864382627624,M,
106.87925878282392,90.3479480320079,M,
106.45113483356856,91.33781085082879,M,
105.92155827485942,92.27731454133554,M,
105.29637009780286,93.15609680064597,M,
104.5824658466256,93.96446505593626,M,
103.78771956392515,94.69350336915709,M,
103.35961296900986,95.03917391095133,M,
103.0343466684269,95.30180704878507,M,
102.70908036784395,95.56444018661881,M,
102.383814067261,95.82707332445254,M,
102.05854776667803,96.08970646228629,M,
101.73328146609508,96.35233960012003,M,
101.40801516551213,96.61497273795376,M,
101.08274886492917,96.87760587578751,M,
100.75748256434622,97.14023901362124,M,
100.43221626376327,97.40287215145499,M,
100.1069499631803,97.66550528928873,M,
99.78168366259735,97.92813842712246,M,
99.45641736201439,98.19077156495621,M,
99.13115106143144,98.45340470278994,M,
98.80588476084849,98.71603784062368,M,
98.48061846026552,98.97867097845742,M,
98.15535215968256,99.24130411629116,M,
97.83008585909961,99.5039372541249,M,
97.50481955851666,99.76657039195864,M,
97.1795532579337,100.02920352979238,M,
96.85428695735075,100.29183666762611,M,
96.52902065676778,100.55446980545986,M,
96.20375435618483,100.8171029432936,M,
95.87848805560188,101.07973608112734,M,
95.55322175501892,101.34236921896108,M,
95.22795545443597,101.60500235679481,M,
94.902689153853,101.86763549462856,M,
94.57742285327005,102.1302686324623,M,
94.2521565526871,102.39290177029604,M,
93.92689025210414,102.65553490812978,M,
93.60162395152119,102.91816804596351,M,
93.27635765093822,103.18080118379726,M,
92.95109135035527,103.44343432163099,M,
92.62582504977232,103.70606745946473,M,
92.30055874918936,103.96870059729847,M,
91.97529244860641,104.23133373513221,M,
91.65002614802344,104.49396687296596,M,
91.32475984744049,104.75660001079969,M,
90.99949354685754,105.01923314863343,M,
90.67422724627458,105.28186628646718,M,
90.34896094569163,105.54449942430091,M,
90.02369464510868,105.80713256213465,M,
89.69842834452571,106.06976569996839,M,
89.37316204394276,106.33239883780213,M,
89.0478957433598,106.59503197563586,M,
88.72262944277685,106.85766511346961,M,
88.3973631421939,107.12029825130335,M,
88.07209684161093,107.38293138913708,M,
87.74683054102798,107.64556452697083,M,
87.42156424044502,107.90819766480456,M,
87.09629793986207,108.1708308026383,M,
86.7710316392791,108.43346394047205,M,
86.44576533869616,108.69609707830578,M,
86.1204990381132,108.95873021613953,M,
85.79523273753024,109.22136335397326,M,
85.46996643694729,109.483996491807,M,
85.14470013636434,109.74662962964075,M,
84.81943383578138,110.00926276747448,M,
84.49416753519841,110.27189590530823,M,
84.16890123461546,110.53452904314196,M,
83.74325175444879,110.87688367777214,M,
83.32356035090716,111.22651677347702,M,
82.90995146778673,111.58332465963258,M,
82.50254774533965,111.94720153819893,M,
82.10146998390961,112.3180395150907,M,
81.70683710811306,112.69572863216912,M,
81.31876613157657,113.08015689984586,M,
80.93737212224075,113.47121033028941,M,
80.5627681682412,113.86877297122393,M,
80.19506534437649,114.27272694031055,M,
79.83437267917299,114.68295246010098,M,
79.48079712255661,115.09932789355298,M,
79.13444351414076,115.52172978009735,M,
78.7954145521401,115.95003287224552,M,
78.4638107629192,116.38411017272696,M,
78.13973047118525,116.8238329721456,M,
77.82326977083348,117.26907088714363,M,
77.51452249645416,117.71969189906193,M,
77.21358019550948,118.17556239308522,M,
76.92053210118847,118.63654719786055,M,
76.63546510594833,119.1025096255773,M,
76.3584637357497,119.57331151249684,M,
76.08961012499361,120.04881325991985,M,
75.82898399216765,120.52887387557907,M,
75.57666261620838,121.01335101544527,M,
75.33272081358714,121.50210102593411,M,
75.09723091612616,121.99497898650115,M,
74.87026274955105,122.49183875261274,M,
74.65188361278672,122.99253299907957,M,
74.44215825800242,123.4969132637406,M,
74.24114887141184,124.00482999148385,M,
74.04891505483414,124.5161325785914,M,
73.8655138080212,125.03066941739537,M,
73.69099951175663,125.54828794123142,M,
73.52542391173101,126.0688346696767,M,
73.3688361031987,126.59215525405875,M,
73.22128251642056,127.11809452322186,M,
73.08280690289666,127.64649652953723,M,
72.95345032239348,128.1772045951434,M,
72.83325113076914,128.71006135840327,M,
72.72224496860048,129.24490882056375,M,
72.62046475061507,129.78158839260442,M,
72.52794065593167,130.31994094226118,M,
72.44470011911166,130.85980684121097,M,
72.37076782202442,131.4010260124035,M,
72.30616568652879,131.94343797752626,M,
72.250912867973,132.48688190458824,M,
72.20502574951487,133.03119665560877,M,
72.16851793726391,133.5762208343968,M,
72.1414002562471,134.12179283440707,M,
72.12368074719896,134.66775088665835,M,
72.11536466417749,135.2139331077001,M,
72.11645447300623,135.7601775476129,M,
72.12694985054311,136.3063222380286,M,
72.14684768477628,136.85220524015614,M,
72.17614207574682,137.3976646927982,M,
72.21482433729827,137.94253886034534,M,
72.26288299965199,138.4866661807325,M,
72.3203038128083,139.02988531334418,M,
72.40119980051283,139.70708878633033,M,
72.4653725013929,140.92997516910953,M,
72.40093892849458,142.15284783435663,M,
72.20860975512858,143.36221904692843,M,
71.89050628551925,144.54474998662835,M,
71.4501370577738,145.6873978693901,M,
70.89235914628588,146.77755980331608,M,
70.22332459039094,147.80321179290294,M,
69.45041254014123,148.75304135830078,M,
68.58214786760153,149.61657230687447,M,
67.62810714134703,150.38428028089376,M,
66.59881300122183,151.0476978069126,M,
65.50561809835716,151.59950768819033,M,
64.36057988053875,152.0336237100788,M,
63.17632760398412,152.3452577682307,M,
62.28708366215551,152.49732031590952,M,
61.87385911150119,152.56072222534334,M,
61.46063456084687,152.62412413477716,M,
61.04741001019255,152.68752604421098,M,
60.63418545953824,152.75092795364478,M,
60.22096090888392,152.8143298630786,M,
59.8077363582296,152.87773177251242,M,
59.39451180757528,152.94113368194624,M,
58.98128725692096,153.00453559138006,M,
58.56806270626664,153.06793750081388,M,
58.154838155612325,153.1313394102477,M,
57.741613604958005,153.19474131968153,M,
57.328389054303685,153.25814322911535,M,
56.915164503649365,153.32154513854917,M,
56.501939952995045,153.384947047983,M,
56.088715402340725,153.4483489574168,M,
55.67549085168641,153.5117508668506,M,
55.26226630103209,153.57515277628443,M,
54.84904175037777,153.63855468571825,M,
54.43581719972345,153.70195659515207,M,
54.02259264906913,153.7653585045859,M,
53.60936809841482,153.8287604140197,M,
53.1961435477605,153.89216232345353,M,
52.78291899710618,153.95556423288735,M,
52.36969444645186,154.01896614232118,M,
51.95646989579754,154.082368051755,M,
51.54324534514322,154.14576996118882,M,
51.1300207944889,154.20917187062264,M,
50.71679624383458,154.27257378005643,M,
50.30357169318027,154.33597568949025,M,
49.89034714252595,154.39937759892408,M,
49.47712259187163,154.4627795083579,M,
49.063898041217314,154.52618141779172,M,
48.650673490562994,154.58958332722554,M,
48.237448939908674,154.65298523665936,M,
47.824224389254354,154.71638714609318,M,
47.410999838600034,154.779789055527,M,
46.997775287945714,154.84319096496083,M,
46.584550737291394,154.90659287439465,M,
46.171326186637074,154.96999478382847,M,
45.75810163598276,155.03339669326226,M,
45.34487708532844,155.09679860269608,M,
44.93165253467412,155.1602005121299,M,
44.5184279840198,155.22360242156373,M,
44.10520343336549,155.28700433099755,M,
43.69197888271116,155.35040624043137,M,
43.27875433205685,155.4138081498652,M,
42.86552978140253,155.477210059299,M,
42.45230523074821,155.54061196873283,M,
42.03908068009389,155.60401387816665,M,
41.62585612943957,155.66741578760048,M,
41.21263157878525,155.7308176970343,M,
40.79940702813093,155.7942196064681,M,
40.386182477476616,155.8576215159019,M,
39.972957926822296,155.92102342533573,M,
39.559733376167976,155.98442533476955,M,
39.146508825513656,156.04782724420338,M,
38.73328427485934,156.1112291536372,M,
38.320059724205024,156.17463106307102,M,
37.906835173550704,156.23803297250484,M,
37.316679035087596,156.33038112688507,M,
36.61351094795553,156.4695739183434,M,
35.917970943142116,156.64290623979298,M,
35.23171549361918,156.84996528923298,M,
34.55637896059673,157.09025794230453,M,
33.89356970118737,157.36321192669777,M,
33.24486623800097,157.66817718505504,M,
32.61181349979225,158.0044274231239,M,
31.995919142114168,158.37116183947344,M,
31.398649956739927,158.767507032654,M,
30.82142837840458,159.1925190812585,M,
30.265629097185816,159.64518579193165,M,
29.732575784591706,160.1244291099731,M,
29.22353794115239,160.62910768679362,M,
28.73972787302344,161.15801959810966,M,
28.28229780480129,161.7099052064029,M,
27.8523371354267,162.2834501608275,M,
27.450869843711573,162.87728852742052,M,
27.078852049667972,163.4900060421611,M,
26.737169737447203,164.12014347913052,M,
26.426636645311945,164.76620012575205,M,
26.147992327666564,165.42663735683377,M,
25.90190039376105,166.09988229890283,M,
25.688946927263157,166.7843315761042,M,
25.50963909046271,167.47835512874263,M,
25.364403916432202,168.1803000953741,M,
25.25358729202022,168.8884947492009,M,
25.17745313409985,169.6012524793959,M,
25.136182761033723,170.31687580787388,M,
25.12987446085279,171.0336604319443,M,
25.158543257177087,171.74989928321685,M,
25.222120873436005,172.46388659309412,M,
25.320455895473337,173.17392195516834,M,
25.45331413214973,173.878314374848,M,
25.620379173083872,174.57538629656958,M,
25.82125314220405,175.26347759900324,M,
26.055457645315414,175.9409495487379,M,
26.32243490942633,176.60618870302963,M,
26.621549111120437,177.2576107523186,M,
26.952087890810688,177.89366429336354,M,
27.3132640492693,178.51283452400776,M,
27.704217422392965,179.11364685077726,M,
28.124016929738666,179.69467040071927,M,
28.571662791951262,180.2545214291178,M,
29.04608891180187,180.7918666149699,M,
29.546165413166605,181.305426236375,M,
30.070701331898732,181.7939772182743,M,
30.618447452185933,182.25635604528227,M,
31.188099281637538,182.69146153267283,M,
31.7783001580166,183.09825744892117,M,
32.38764448021765,183.47577498355537,M,
33.014681055795585,183.8231150544404,M,
33.65791655707322,184.1394504489998,M,
34.315819077596565,184.42402779427513,M,
34.986821780467984,184.67616935113196,M,
35.669326629868365,184.89527462833885,M,
36.36170819688155,185.08082181267562,M,
37.0623175305572,185.2323690116649,M,
37.76948608499286,185.34955530596721,M,
38.48152969308265,185.43210160893364,M,
39.52017478262088,185.5598718598124,M,
40.62111549947421,185.80921078702585,M,
41.68983491431072,186.17263777419242,M,
42.714545532962454,186.6461443852042,M,
43.68394525847719,187.2245080552436,M,
44.58734204816131,187.9013496933229,M,
45.41477184199877,188.66920404078704,M,
46.15710846174872,189.51960200975668,M,
46.80616426858427,190.44316409335613,M,
47.3547804690639,191.42970381745283,M,
47.7969060734013,192.46834009288267,M,
48.1276646351595,193.5476172289664,M,
48.34340803626033,194.65563128462225,M,
48.44175672408507,195.78016136347858,M,
48.421625956868894,196.90880440486092,M,
48.28323776791434,198.02911198396916,M,
48.02811851666391,199.1287276124007,M,
47.65908205364233,200.1955230246565,M,
47.18019868495171,201.21773194745114,M,
46.59675027862701,202.18407987641186,M,
45.91517200800877,203.08390842878754,M,
45.14298137467724,203.90729290061375,M,
44.28869529379334,204.64515173173083,M,
43.361736156357324,205.28934667130534,M,
42.37232790447673,205.83277253907391,M,
41.33138326588612,206.26943559228422,M,
40.250383391471516,206.59451963397976,M,
39.1412512233432,206.8044391334848,M,
38.01621999015015,206.89687877319423,M,
36.88769828007364,206.87081898548456,M,
35.76813317968408,206.72654719808597,M,
34.66987298817794,206.4656546638839,M,
33.605031021195,206.0910189101158,M,
32.83601611732265,205.74157226390886,M,
32.458377301261145,205.5622310918736,M,
32.08073848519963,205.38288991983833,M,
31.703099669138123,205.2035487478031,M,
31.325460853076613,205.02420757576783,M,
30.947822037015104,204.84486640373257,M,
30.570183220953595,204.66552523169733,M,
30.192544404892086,204.48618405966207,M,
29.814905588830577,204.3068428876268,M,
29.437266772769064,204.12750171559156,M,
29.059627956707555,203.9481605435563,M,
28.681989140646046,203.76881937152103,M,
28.304350324584536,203.5894781994858,M,
27.926711508523027,203.41013702745053,M,
27.549072692461515,203.23079585541527,M,
27.17143387640001,203.05145468338003,M,
26.793795060338496,202.87211351134476,M,
26.416156244276987,202.69277233930953,M,
26.038517428215478,202.51343116727426,M,
25.66087861215397,202.334089995239,M,
25.28323979609246,202.15474882320376,M,
24.905600980030947,201.9754076511685,M,
24.52796216396944,201.79606647913323,M,
24.15032334790793,201.616725307098,M,
23.77268453184642,201.43738413506273,M,
23.39504571578491,201.25804296302746,M,
23.0174068997234,201.07870179099223,M,
22.63976808366189,200.89936061895696,M,
22.26212926760038,200.7200194469217,M,
21.884490451538873,200.54067827488646,M,
21.50685163547736,200.3613371028512,M,
21.12921281941585,200.18199593081593,M,
20.751574003354342,200.0026547587807,M,
20.373935187292833,199.82331358674543,M,
19.996296371231324,199.64397241471016,M,
19.61865755516981,199.46463124267493,M,
19.241018739108302,199.28529007063966,M,
18.863379923046793,199.1059488986044,M,
18.485741106985284,198.92660772656916,M,
18.108102290923775,198.7472665545339,M,
17.730463474862265,198.56792538249863,M,
17.352824658800756,198.3885842104634,M,
16.975185842739243,198.20924303842813,M,
16.597547026677734,198.02990186639286,M,
16.21990821061623,197.85056069435763,M,
15.842269394554712,197.67121952232236,M,
15.464630578493207,197.4918783502871,M,
15.086991762431698,197.31253717825186,M,
14.709352946370185,197.1331960062166,M,
14.33171413030868,196.95385483418133,M,
13.954075314247167,196.7745136621461,M,
13.576436498185657,196.59517249011083,M,
13.198797682124148,196.41583131807556,M,
12.821158866062639,196.23649014604032,M,
12.44352005000113,196.05714897400506,M,
12.065881233939617,195.8778078019698,M,
11.688242417878108,195.69846662993456,M,
11.310603601816599,195.5191254578993,M,
10.93296478575509,195.33978428586403,M,
10.55532596969358,195.1604431138288,M,
10.088711463754041,194.94837585152098,M,
9.540985958074257,194.74569355053458,M,
8.966840279587622,194.5807858160473,M,
8.367223084413483,194.45223528992855,M,
7.7430830286711805,194.35862461404784,M,
7.095368768480058,194.29853643027474,M,
6.4250289599594534,194.2705533804786,M,
5.733012259228715,194.273258106529,M,
5.020267322407184,194.30523325029543,M,
4.2877428056142035,194.36506145364737,M,
3.536387364969116,194.45132535845428,M,
2.767149656591263,194.56260760658566,M,
1.9809783365999873,194.69749083991098,M,
1.1788220611146327,194.8545577002997,M,
0.36162948625453883,195.03239082962133,M,
-0.46965073186094786,195.22957286974543,M,
-1.3140699371124849,195.44468646254143,M,
-2.1706794733807326,195.6763142498788,M,
-3.038530684546347,195.92303887362704,M,
-3.916674914489983,196.18344297565562,M,
-4.8041635070923006,196.45610919783408,M,
-5.700047806233955,196.7396201820318,M,
-6.603379155795609,197.03255857011845,M,
-7.513208899657915,197.33350700396332,M,
-8.428588381701529,197.641048125436,M,
-9.34856894580711,197.95376457640594,M,
-10.272201935855318,198.27023899874263,M,
-11.198538695726812,198.58905403431558,M,
-12.126630569302238,198.90879232499427,M,
-13.055528900462265,199.22803651264815,M,
-13.984285033087545,199.54536923914674,M,
-14.911950311058737,199.85937314635956,M,
-15.837576078256497,200.16863087615602,M,
-16.760213678561488,200.47172507040568,M,
-17.678914455854354,200.76723837097796,M,
-18.592729754015775,201.0537534197424,M,
-19.500710916926383,201.32985285856847,M,
-20.401909288466854,201.59411932932565,M,
-21.29537621251783,201.84513547388337,M,
-22.180163032959978,202.08148393411125,M,
-23.055321093673953,202.30174735187865,M,
-23.919901738540418,202.50450836905512,M,
-24.772956311440023,202.68834962751015,M,
-25.613536156253424,202.85185376911318,M,
-26.440692616861284,202.99360343573372,M,
-27.253477037144272,203.11218126924132,M,
-28.050940760983018,203.20616991150536,M,
-28.832135132258195,203.27415200439538,M,
-29.596111494850454,203.31471018978084,M,
-30.341921192640463,203.32642710953127,M,
-31.06861556950887,203.30788540551615,M,
-31.775245969336336,203.2576677196049,M,
-32.46086373600352,203.1743566936671,M,
-33.12452021339107,203.05653496957217,M,
-33.765266745379655,202.90278518918961,M,
-34.38215467584994,202.71168999438896,M,
-34.97423534868255,202.48183202703962,M,
-35.540560107758175,202.21179392901112,M,
-36.08018029695745,201.90015834217294,M,
-36.59214726016105,201.54550790839457,M,
-37.40532960627843,200.85960599677549,M,
-38.22198461191911,200.01674959487394,M,
-38.94573989067709,199.09289321591973,M,
-39.56861274755409,198.09822657999072,M,
-40.08373317526298,197.043720412431,M,
-40.45314063403937,196.07286032256263,M,
-40.7393188925141,195.28723997537855,M,
-41.025497150988826,194.50161962819448,M,
-41.311675409463554,193.71599928101037,M,
-41.59785366793828,192.9303789338263,M,
-41.88403192641301,192.1447585866422,M,
-42.170210184887736,191.35913823945813,M,
-42.45638844336246,190.57351789227403,M,
-42.742566701837184,189.78789754508995,M,
-43.02874496031191,189.00227719790587,M,
-43.31492321878664,188.2166568507218,M,
-43.601101477261366,187.43103650353768,M,
-43.887279735736094,186.6454161563536,M,
-44.17345799421082,185.85979580916953,M,
-44.45963625268555,185.07417546198542,M,
-44.745814511160276,184.28855511480134,M,
-45.031992769635,183.50293476761726,M,
-45.31817102810973,182.71731442043318,M,
-45.60434928658446,181.93169407324908,M,
-45.890527545059186,181.146073726065,M,
-46.176705803533906,180.36045337888092,M,
-46.46288406200864,179.57483303169684,M,
-46.74906232048336,178.78921268451273,M,
-47.03524057895809,178.00359233732866,M,
-47.321418837432816,177.21797199014458,M,
-47.60759709590754,176.4323516429605,M,
-47.89377535438227,175.6467312957764,M,
-48.179953612857,174.8611109485923,M,
-48.466131871331726,174.07549060140823,M,
-48.75231012980645,173.28987025422416,M,
-49.03848838828118,172.50424990704005,M,
-49.32466664675591,171.71862955985597,M,
-49.610844905230636,170.9330092126719,M,
-49.897023163705356,170.1473888654878,M,
-50.18320142218009,169.3617685183037,M,
-50.46937968065481,168.57614817111963,M,
-50.755557939129545,167.79052782393555,M,
-51.041736197604266,167.00490747675144,M,
-51.32791445607899,166.21928712956736,M,
-51.61409271455372,165.43366678238328,M,
-51.90027097302845,164.6480464351992,M,
-52.186449231503175,163.86242608801513,M,
-52.4726274899779,163.07680574083102,M,
-52.75880574845263,162.29118539364694,M,
-53.04498400692736,161.50556504646286,M,
-53.331162265402085,160.71994469927876,M,
-53.61734052387681,159.93432435209468,M,
-53.90351878235154,159.1487040049106,M,
-54.18969704082627,158.36308365772652,M,
-54.47587529930099,157.57746331054244,M,
-54.762053557775715,156.79184296335833,M,
-55.04823181625044,156.00622261617426,M,
-55.33441007472517,155.22060226899015,M,
-55.6205883331999,154.43498192180607,M,
-55.906766591674625,153.649361574622,M,
-56.19294485014935,152.8637412274379,M,
-56.47912310862408,152.07812088025383,M,
-56.76530136709881,151.29250053306973,M,
-57.051479625573535,150.50688018588565,M,
-57.337657884048255,149.72125983870157,M,
-57.661358451585585,148.77098023225406,M,
-57.91976774404115,147.6857128978091,M,
-58.06293263311421,146.57932943617504,M,
-58.0892740745097,145.4640327590053,M,
-58.036687910210944,144.51741750233546,M,
-57.986181840605596,143.68282391113897,M,
-57.93567577100024,142.84823031994245,M,
-57.885169701394894,142.01363672874595,M,
-57.834663631789546,141.17904313754943,M,
-57.78415756218419,140.3444495463529,M,
-57.73365149257884,139.5098559551564,M,
-57.68314542297349,138.6752623639599,M,
-57.63263935336814,137.84066877276337,M,
-57.582133283762786,137.00607518156687,M,
-57.53162721415744,136.17148159037035,M,
-57.48112114455209,135.33688799917383,M,
-57.430615074946736,134.50229440797733,M,
-57.38010900534139,133.6677008167808,M,
-57.329602935736034,132.8331072255843,M,
-57.279096866130686,131.9985136343878,M,
-57.22859079652534,131.16392004319127,M,
-57.178084726919984,130.32932645199477,M,
-57.127578657314636,129.49473286079825,M,
-57.07707258770928,128.66013926960176,M,
-57.026566518103934,127.82554567840523,M,
-56.976060448498586,126.99095208720871,M,
-56.92555437889323,126.1563584960122,M,
-56.875048309287884,125.3217649048157,M,
-56.82454223968253,124.48717131361917,M,
-56.77403617007718,123.65257772242268,M,
-56.723530100471834,122.81798413122615,M,
-56.67302403086648,121.98339054002965,M,
-56.62251796126113,121.14879694883314,M,
-56.57201189165578,120.31420335763661,M,
-56.52150582205043,119.4796097664401,M,
-56.47099975244508,118.6450161752436,M,
-56.42049368283973,117.81042258404709,M,
-56.36998761323438,116.97582899285058,M,
-56.319481543629024,116.14123540165406,M,
-56.26897547402368,115.30664181045755,M,
-56.21846940441833,114.47204821926104,M,
-56.167963334812974,113.63745462806452,M,
-56.11745726520763,112.80286103686801,M,
-56.06695119560227,111.9682674456715,M,
-56.016445125996924,111.13367385447499,M,
-55.965939056391576,110.29908026327848,M,
-55.91543298678622,109.46448667208196,M,
-55.864926917180874,108.62989308088544,M,
-55.81442084757552,107.79529948968894,M,
-55.76391477797017,106.96070589849242,M,
-55.71340870836482,106.12611230729591,M,
-55.66290263875947,105.2915187160994,M,
-55.61239656915412,104.45692512490288,M,
-55.56189049954877,103.62233153370639,M,
-55.51138442994342,102.78773794250986,M,
-55.460878360338064,101.95314435131334,M,
-55.41037229073272,101.11855076011685,M,
-55.35986622112737,100.28395716892032,M,
-55.309360151522014,99.44936357772382,M,
-55.25885408191667,98.6147699865273,M,
-55.20834801231131,97.78017639533078,M,
-55.157841942705964,96.94558280413428,M,
-55.10733587310062,96.11098921293777,M,
-55.05682980349526,95.27639562174126,M,
-54.980280927946346,94.35769464032914,M,
-54.83383795957474,93.32717950342757,M,
-54.61899840750557,92.19959449445452,M,
-54.337936636035266,90.97901630754241,M,
-53.992827009460264,89.66952163682366,M,
-53.58584389207695,88.2751871764307,M,
-53.11916164818181,86.80008962049601,M,
-52.59495464207124,85.24830566315198,M,
-52.01539723804166,83.62391199853107,M,
-51.3826638003895,81.93098532076567,M,
-50.69892869341119,80.17360232398823,M,
-49.96636628140316,78.35583970233118,M,
-49.18715092866182,76.48177414992695,M,
-48.36345699948359,74.55548236090794,M,
-47.497458858164926,72.58104102940665,M,
-46.59133086900223,70.56252684955547,M,
-45.64724739629194,68.5040165154868,M,
-44.66738280433048,66.40958672133311,M,
-43.65391145741427,64.28331416122683,M,
-42.60900771983973,62.129275529300365,M,
-41.53484595590329,59.951547519686166,M,
-40.433600529901405,57.754206826516665,M,
-39.30744580613046,55.541330143924284,M,
-38.15855614888689,53.31699416604145,M,
-36.989105922467125,51.08527558700059,M,
-35.801269491167595,48.85025110093413,M,
-34.59722121928472,46.615997401974525,M,
-33.379135471114914,44.38659118425418,M,
-32.14918661095464,42.16610914190554,M,
-30.909549003100278,39.95862796906103,M,
-29.662397011848295,37.768224359853086,M,
-28.409905001495087,35.59897500841413,M,
-27.154247336337093,33.45495660887661,M,
-25.897598380670733,31.340245855372913,M,
-24.642132498792435,29.25891944203552,M,
-23.39002405499862,27.21505406299682,M,
-22.143447413585726,25.212726412389276,M,
-20.904576938850166,23.2560131843453,M,
-19.67558699508837,21.348991072997325,M,
-18.458651946596767,19.49573677247778,M,
-17.25594615767178,17.7003269769191,M,
-16.06964399260983,15.96683838045371,M,
-14.90191981570735,14.299347677214046,M,
-13.754947991260764,12.701931561332534,M,
-12.630902883566492,11.1786667269416,M,
-11.531958856920959,9.733629868173674,M,
-10.4602902756206,8.370897679161201,M,
-9.418071503961839,7.094546854036597,M,
-8.407476906241097,5.908654086932298,M,
-7.4306808467548,4.81729607198073,M,
-6.489857689799375,3.824549503314327,M,
-5.587181799671248,2.934491075065516,M,
-4.724827540666844,2.1511974813667285,M,
-3.904969277082588,1.4787454163503944,M,
-3.1297813732149056,0.9212115741489443,M,
-2.4014381933602187,0.482672648894805,M,
-1.7221141018149617,0.16720533472041282,M,
-1.0939834628755563,-0.021113674241805547,M,
-0.5192206408384271,-0.07820768385941981,M,
0.0,0.0,M,
